{
  "cpu/1/ktor/ktor" : {
    "transaction" : "cpu/1/ktor/ktor",
    "sampleCount" : 6015,
    "errorCount" : 0,
    "errorPct" : 0.0,
    "meanResTime" : 356.44222776392303,
    "medianResTime" : 328.0,
    "minResTime" : 184.0,
    "maxResTime" : 1128.0,
    "pct1ResTime" : 539.0,
    "pct2ResTime" : 631.0,
    "pct3ResTime" : 839.5200000000004,
    "throughput" : 20.02090295437298,
    "receivedKBytesPerSec" : 4.26226254302081,
    "sentKBytesPerSec" : 3.4997476844069952
  },
  "Total" : {
    "transaction" : "Total",
    "sampleCount" : 6015,
    "errorCount" : 0,
    "errorPct" : 0.0,
    "meanResTime" : 356.44222776392303,
    "medianResTime" : 328.0,
    "minResTime" : 184.0,
    "maxResTime" : 1128.0,
    "pct1ResTime" : 539.0,
    "pct2ResTime" : 631.0,
    "pct3ResTime" : 839.5200000000004,
    "throughput" : 20.02090295437298,
    "receivedKBytesPerSec" : 4.26226254302081,
    "sentKBytesPerSec" : 3.4997476844069952
  }
}