{
  "Total" : {
    "transaction" : "Total",
    "sampleCount" : 6007,
    "errorCount" : 0,
    "errorPct" : 0.0,
    "meanResTime" : 323.76027967371476,
    "medianResTime" : 310.0,
    "minResTime" : 252.0,
    "maxResTime" : 693.0,
    "pct1ResTime" : 406.0,
    "pct2ResTime" : 443.0,
    "pct3ResTime" : 520.0,
    "throughput" : 20.001065480431787,
    "receivedKBytesPerSec" : 3.0079727382680614,
    "sentKBytesPerSec" : 3.4962800009739157
  },
  "cpu/1/vertx/vertx" : {
    "transaction" : "cpu/1/vertx/vertx",
    "sampleCount" : 6007,
    "errorCount" : 0,
    "errorPct" : 0.0,
    "meanResTime" : 323.76027967371476,
    "medianResTime" : 310.0,
    "minResTime" : 252.0,
    "maxResTime" : 693.0,
    "pct1ResTime" : 406.0,
    "pct2ResTime" : 443.0,
    "pct3ResTime" : 520.0,
    "throughput" : 20.001065480431787,
    "receivedKBytesPerSec" : 3.0079727382680614,
    "sentKBytesPerSec" : 3.4962800009739157
  }
}