{
  "Total" : {
    "transaction" : "Total",
    "sampleCount" : 28446,
    "errorCount" : 0,
    "errorPct" : 0.0,
    "meanResTime" : 743.4480770582861,
    "medianResTime" : 762.0,
    "minResTime" : 196.0,
    "maxResTime" : 2061.0,
    "pct1ResTime" : 1447.0,
    "pct2ResTime" : 1657.0,
    "pct3ResTime" : 1838.9900000000016,
    "throughput" : 4.940579655774674,
    "receivedKBytesPerSec" : 1.1068584888488724,
    "sentKBytesPerSec" : 0.8898810665541029
  },
  "cpu/1/spring/mvc" : {
    "transaction" : "cpu/1/spring/mvc",
    "sampleCount" : 22537,
    "errorCount" : 0,
    "errorPct" : 0.0,
    "meanResTime" : 675.265208324088,
    "medianResTime" : 682.0,
    "minResTime" : 196.0,
    "maxResTime" : 2061.0,
    "pct1ResTime" : 1447.0,
    "pct2ResTime" : 1657.0,
    "pct3ResTime" : 1838.9900000000016,
    "throughput" : 3.914288255016305,
    "receivedKBytesPerSec" : 0.9785720637540763,
    "sentKBytesPerSec" : 0.6804133880790062
  },
  "network/1/vertx/coroutine" : {
    "transaction" : "network/1/vertx/coroutine",
    "sampleCount" : 5909,
    "errorCount" : 0,
    "errorPct" : 0.0,
    "meanResTime" : 1003.4983922829581,
    "medianResTime" : 1003.0,
    "minResTime" : 1002.0,
    "maxResTime" : 1333.0,
    "pct1ResTime" : 1004.0,
    "pct2ResTime" : 1005.0,
    "pct3ResTime" : 1009.0,
    "throughput" : 19.6388629467268,
    "receivedKBytesPerSec" : 2.4548578683408504,
    "sentKBytesPerSec" : 4.008322613150295
  }
}