{
  "network/1/spring/mvc" : {
    "transaction" : "network/1/spring/mvc",
    "sampleCount" : 2117,
    "errorCount" : 0,
    "errorPct" : 0.0,
    "meanResTime" : 6822.976854038735,
    "medianResTime" : 7209.0,
    "minResTime" : 1005.0,
    "maxResTime" : 7226.0,
    "pct1ResTime" : 7212.0,
    "pct2ResTime" : 7213.0,
    "pct3ResTime" : 7220.0,
    "throughput" : 6.896237201893289,
    "receivedKBytesPerSec" : 1.5489595277690005,
    "sentKBytesPerSec" : 1.3738597550646787
  },
  "Total" : {
    "transaction" : "Total",
    "sampleCount" : 2117,
    "errorCount" : 0,
    "errorPct" : 0.0,
    "meanResTime" : 6822.976854038735,
    "medianResTime" : 7209.0,
    "minResTime" : 1005.0,
    "maxResTime" : 7226.0,
    "pct1ResTime" : 7212.0,
    "pct2ResTime" : 7213.0,
    "pct3ResTime" : 7220.0,
    "throughput" : 6.896237201893289,
    "receivedKBytesPerSec" : 1.5489595277690005,
    "sentKBytesPerSec" : 1.3738597550646787
  }
}