{
  "Total" : {
    "transaction" : "Total",
    "sampleCount" : 6011,
    "errorCount" : 0,
    "errorPct" : 0.0,
    "meanResTime" : 337.5835967393119,
    "medianResTime" : 324.0,
    "minResTime" : 246.0,
    "maxResTime" : 641.0,
    "pct1ResTime" : 439.0,
    "pct2ResTime" : 467.0,
    "pct3ResTime" : 532.0,
    "throughput" : 20.005591314824304,
    "receivedKBytesPerSec" : 5.001397828706076,
    "sentKBytesPerSec" : 3.399387586698661
  },
  "cpu/1/spring/mvc" : {
    "transaction" : "cpu/1/spring/mvc",
    "sampleCount" : 6011,
    "errorCount" : 0,
    "errorPct" : 0.0,
    "meanResTime" : 337.5835967393119,
    "medianResTime" : 324.0,
    "minResTime" : 246.0,
    "maxResTime" : 641.0,
    "pct1ResTime" : 439.0,
    "pct2ResTime" : 467.0,
    "pct3ResTime" : 532.0,
    "throughput" : 20.005591314824304,
    "receivedKBytesPerSec" : 5.001397828706076,
    "sentKBytesPerSec" : 3.399387586698661
  }
}