{
  "Total" : {
    "transaction" : "Total",
    "sampleCount" : 6017,
    "errorCount" : 0,
    "errorPct" : 0.0,
    "meanResTime" : 312.48612265248494,
    "medianResTime" : 305.0,
    "minResTime" : 184.0,
    "maxResTime" : 683.0,
    "pct1ResTime" : 439.0,
    "pct2ResTime" : 474.0,
    "pct3ResTime" : 556.8199999999997,
    "throughput" : 20.040767657658257,
    "receivedKBytesPerSec" : 3.0139435735150113,
    "sentKBytesPerSec" : 3.5227911898227404
  },
  "cpu/1/vertx/vertx" : {
    "transaction" : "cpu/1/vertx/vertx",
    "sampleCount" : 6017,
    "errorCount" : 0,
    "errorPct" : 0.0,
    "meanResTime" : 312.48612265248494,
    "medianResTime" : 305.0,
    "minResTime" : 184.0,
    "maxResTime" : 683.0,
    "pct1ResTime" : 439.0,
    "pct2ResTime" : 474.0,
    "pct3ResTime" : 556.8199999999997,
    "throughput" : 20.040767657658257,
    "receivedKBytesPerSec" : 3.0139435735150113,
    "sentKBytesPerSec" : 3.5227911898227404
  }
}