{
  "disk/1/vertx/coroutine" : {
    "transaction" : "disk/1/vertx/coroutine",
    "sampleCount" : 6043,
    "errorCount" : 0,
    "errorPct" : 0.0,
    "meanResTime" : 1.7663412212477225,
    "medianResTime" : 2.0,
    "minResTime" : 1.0,
    "maxResTime" : 35.0,
    "pct1ResTime" : 2.0,
    "pct2ResTime" : 2.0,
    "pct3ResTime" : 3.0,
    "throughput" : 50.399913261774294,
    "receivedKBytesPerSec" : 8.827139160640863,
    "sentKBytesPerSec" : 8.613266426572757
  },
  "Total" : {
    "transaction" : "Total",
    "sampleCount" : 6043,
    "errorCount" : 0,
    "errorPct" : 0.0,
    "meanResTime" : 1.7663412212477225,
    "medianResTime" : 2.0,
    "minResTime" : 1.0,
    "maxResTime" : 35.0,
    "pct1ResTime" : 2.0,
    "pct2ResTime" : 2.0,
    "pct3ResTime" : 3.0,
    "throughput" : 50.399913261774294,
    "receivedKBytesPerSec" : 8.827139160640863,
    "sentKBytesPerSec" : 8.613266426572757
  }
}