{
  "cpu/1/ktor/ktor" : {
    "transaction" : "cpu/1/ktor/ktor",
    "sampleCount" : 6006,
    "errorCount" : 0,
    "errorPct" : 0.0,
    "meanResTime" : 373.77755577755596,
    "medianResTime" : 347.0,
    "minResTime" : 254.0,
    "maxResTime" : 815.0,
    "pct1ResTime" : 514.0,
    "pct2ResTime" : 548.0,
    "pct3ResTime" : 621.9300000000003,
    "throughput" : 19.996470819335915,
    "receivedKBytesPerSec" : 4.257061170522685,
    "sentKBytesPerSec" : 3.456421225607868
  },
  "Total" : {
    "transaction" : "Total",
    "sampleCount" : 6006,
    "errorCount" : 0,
    "errorPct" : 0.0,
    "meanResTime" : 373.77755577755596,
    "medianResTime" : 347.0,
    "minResTime" : 254.0,
    "maxResTime" : 815.0,
    "pct1ResTime" : 514.0,
    "pct2ResTime" : 548.0,
    "pct3ResTime" : 621.9300000000003,
    "throughput" : 19.996470819335915,
    "receivedKBytesPerSec" : 4.257061170522685,
    "sentKBytesPerSec" : 3.456421225607868
  }
}