{
  "cpu/1/ktor/ktor" : {
    "transaction" : "cpu/1/ktor/ktor",
    "sampleCount" : 6008,
    "errorCount" : 0,
    "errorPct" : 0.0,
    "meanResTime" : 368.50749001331445,
    "medianResTime" : 356.0,
    "minResTime" : 254.0,
    "maxResTime" : 1569.0,
    "pct1ResTime" : 468.0,
    "pct2ResTime" : 508.5500000000002,
    "pct3ResTime" : 700.2799999999988,
    "throughput" : 20.0003994753557,
    "receivedKBytesPerSec" : 4.257897544558147,
    "sentKBytesPerSec" : 3.457100299939413
  },
  "Total" : {
    "transaction" : "Total",
    "sampleCount" : 6008,
    "errorCount" : 0,
    "errorPct" : 0.0,
    "meanResTime" : 368.50749001331445,
    "medianResTime" : 356.0,
    "minResTime" : 254.0,
    "maxResTime" : 1569.0,
    "pct1ResTime" : 468.0,
    "pct2ResTime" : 508.5500000000002,
    "pct3ResTime" : 700.2799999999988,
    "throughput" : 20.0003994753557,
    "receivedKBytesPerSec" : 4.257897544558147,
    "sentKBytesPerSec" : 3.457100299939413
  }
}