{
  "network/2/spring/flux" : {
    "transaction" : "network/2/spring/flux",
    "sampleCount" : 5909,
    "errorCount" : 0,
    "errorPct" : 0.0,
    "meanResTime" : 1004.7903198510735,
    "medianResTime" : 1005.0,
    "minResTime" : 1003.0,
    "maxResTime" : 1047.0,
    "pct1ResTime" : 1005.0,
    "pct2ResTime" : 1006.0,
    "pct3ResTime" : 1006.0,
    "throughput" : 19.63938512671375,
    "receivedKBytesPerSec" : 3.1070121001246367,
    "sentKBytesPerSec" : 4.123503713128375
  },
  "Total" : {
    "transaction" : "Total",
    "sampleCount" : 5909,
    "errorCount" : 0,
    "errorPct" : 0.0,
    "meanResTime" : 1004.7903198510735,
    "medianResTime" : 1005.0,
    "minResTime" : 1003.0,
    "maxResTime" : 1047.0,
    "pct1ResTime" : 1005.0,
    "pct2ResTime" : 1006.0,
    "pct3ResTime" : 1006.0,
    "throughput" : 19.63938512671375,
    "receivedKBytesPerSec" : 3.1070121001246367,
    "sentKBytesPerSec" : 4.123503713128375
  }
}