{
  "Total" : {
    "transaction" : "Total",
    "sampleCount" : 6042,
    "errorCount" : 0,
    "errorPct" : 0.0,
    "meanResTime" : 1.9735187024164176,
    "medianResTime" : 2.0,
    "minResTime" : 1.0,
    "maxResTime" : 36.0,
    "pct1ResTime" : 3.0,
    "pct2ResTime" : 3.0,
    "pct3ResTime" : 3.0,
    "throughput" : 50.3915730477644,
    "receivedKBytesPerSec" : 9.612959988865814,
    "sentKBytesPerSec" : 8.365788494257762
  },
  "disk/1/spring/flux" : {
    "transaction" : "disk/1/spring/flux",
    "sampleCount" : 6042,
    "errorCount" : 0,
    "errorPct" : 0.0,
    "meanResTime" : 1.9735187024164176,
    "medianResTime" : 2.0,
    "minResTime" : 1.0,
    "maxResTime" : 36.0,
    "pct1ResTime" : 3.0,
    "pct2ResTime" : 3.0,
    "pct3ResTime" : 3.0,
    "throughput" : 50.3915730477644,
    "receivedKBytesPerSec" : 9.612959988865814,
    "sentKBytesPerSec" : 8.365788494257762
  }
}