{
  "Total" : {
    "transaction" : "Total",
    "sampleCount" : 6009,
    "errorCount" : 0,
    "errorPct" : 0.0,
    "meanResTime" : 368.01747378931725,
    "medianResTime" : 346.0,
    "minResTime" : 248.0,
    "maxResTime" : 955.0,
    "pct1ResTime" : 512.0,
    "pct2ResTime" : 558.5,
    "pct3ResTime" : 623.8999999999996,
    "throughput" : 20.002196946244723,
    "receivedKBytesPerSec" : 3.008142900118835,
    "sentKBytesPerSec" : 3.4378776001358116
  },
  "cpu/1/spring/flux" : {
    "transaction" : "cpu/1/spring/flux",
    "sampleCount" : 6009,
    "errorCount" : 0,
    "errorPct" : 0.0,
    "meanResTime" : 368.01747378931725,
    "medianResTime" : 346.0,
    "minResTime" : 248.0,
    "maxResTime" : 955.0,
    "pct1ResTime" : 512.0,
    "pct2ResTime" : 558.5,
    "pct3ResTime" : 623.8999999999996,
    "throughput" : 20.002196946244723,
    "receivedKBytesPerSec" : 3.008142900118835,
    "sentKBytesPerSec" : 3.4378776001358116
  }
}