{
  "Total" : {
    "transaction" : "Total",
    "sampleCount" : 5909,
    "errorCount" : 0,
    "errorPct" : 0.0,
    "meanResTime" : 1005.878659671687,
    "medianResTime" : 1006.0,
    "minResTime" : 1004.0,
    "maxResTime" : 1048.0,
    "pct1ResTime" : 1006.0,
    "pct2ResTime" : 1007.0,
    "pct3ResTime" : 1011.0,
    "throughput" : 19.638667136390527,
    "receivedKBytesPerSec" : 3.1068985118117824,
    "sentKBytesPerSec" : 4.219244892583902
  },
  "network/2/vertx/coroutine" : {
    "transaction" : "network/2/vertx/coroutine",
    "sampleCount" : 5909,
    "errorCount" : 0,
    "errorPct" : 0.0,
    "meanResTime" : 1005.878659671687,
    "medianResTime" : 1006.0,
    "minResTime" : 1004.0,
    "maxResTime" : 1048.0,
    "pct1ResTime" : 1006.0,
    "pct2ResTime" : 1007.0,
    "pct3ResTime" : 1011.0,
    "throughput" : 19.638667136390527,
    "receivedKBytesPerSec" : 3.1068985118117824,
    "sentKBytesPerSec" : 4.219244892583902
  }
}