{
  "Total" : {
    "transaction" : "Total",
    "sampleCount" : 3197,
    "errorCount" : 0,
    "errorPct" : 0.0,
    "meanResTime" : 4498.310916484206,
    "medianResTime" : 4714.0,
    "minResTime" : 1005.0,
    "maxResTime" : 4916.0,
    "pct1ResTime" : 4813.0,
    "pct2ResTime" : 4815.0,
    "pct3ResTime" : 4817.0,
    "throughput" : 10.521361951964405,
    "receivedKBytesPerSec" : 2.712538628240823,
    "sentKBytesPerSec" : 2.2296245542737068
  },
  "network/2/spring/async" : {
    "transaction" : "network/2/spring/async",
    "sampleCount" : 3197,
    "errorCount" : 0,
    "errorPct" : 0.0,
    "meanResTime" : 4498.310916484206,
    "medianResTime" : 4714.0,
    "minResTime" : 1005.0,
    "maxResTime" : 4916.0,
    "pct1ResTime" : 4813.0,
    "pct2ResTime" : 4815.0,
    "pct3ResTime" : 4817.0,
    "throughput" : 10.521361951964405,
    "receivedKBytesPerSec" : 2.712538628240823,
    "sentKBytesPerSec" : 2.2296245542737068
  }
}