{
  "cpu/1/ktor/ktor" : {
    "transaction" : "cpu/1/ktor/ktor",
    "sampleCount" : 6008,
    "errorCount" : 0,
    "errorPct" : 0.0,
    "meanResTime" : 368.8535286284952,
    "medianResTime" : 351.0,
    "minResTime" : 255.0,
    "maxResTime" : 752.0,
    "pct1ResTime" : 501.0,
    "pct2ResTime" : 534.0,
    "pct3ResTime" : 612.9099999999999,
    "throughput" : 19.998735099977033,
    "receivedKBytesPerSec" : 4.257543214643548,
    "sentKBytesPerSec" : 3.456812610054624
  },
  "Total" : {
    "transaction" : "Total",
    "sampleCount" : 6008,
    "errorCount" : 0,
    "errorPct" : 0.0,
    "meanResTime" : 368.8535286284952,
    "medianResTime" : 351.0,
    "minResTime" : 255.0,
    "maxResTime" : 752.0,
    "pct1ResTime" : 501.0,
    "pct2ResTime" : 534.0,
    "pct3ResTime" : 612.9099999999999,
    "throughput" : 19.998735099977033,
    "receivedKBytesPerSec" : 4.257543214643548,
    "sentKBytesPerSec" : 3.456812610054624
  }
}