{
  "network/2/ktor/ktor" : {
    "transaction" : "network/2/ktor/ktor",
    "sampleCount" : 5908,
    "errorCount" : 0,
    "errorPct" : 0.0,
    "meanResTime" : 1008.4309410968165,
    "medianResTime" : 1007.0,
    "minResTime" : 1006.0,
    "maxResTime" : 1050.0,
    "pct1ResTime" : 1013.0,
    "pct2ResTime" : 1014.0,
    "pct3ResTime" : 1018.0,
    "throughput" : 19.63547413621196,
    "receivedKBytesPerSec" : 4.717115856941545,
    "sentKBytesPerSec" : 4.141857825607211
  },
  "Total" : {
    "transaction" : "Total",
    "sampleCount" : 5908,
    "errorCount" : 0,
    "errorPct" : 0.0,
    "meanResTime" : 1008.4309410968165,
    "medianResTime" : 1007.0,
    "minResTime" : 1006.0,
    "maxResTime" : 1050.0,
    "pct1ResTime" : 1013.0,
    "pct2ResTime" : 1014.0,
    "pct3ResTime" : 1018.0,
    "throughput" : 19.63547413621196,
    "receivedKBytesPerSec" : 4.717115856941545,
    "sentKBytesPerSec" : 4.141857825607211
  }
}