{
  "disk/1/spring/coroutine" : {
    "transaction" : "disk/1/spring/coroutine",
    "sampleCount" : 6042,
    "errorCount" : 0,
    "errorPct" : 0.0,
    "meanResTime" : 2.2068851373717324,
    "medianResTime" : 2.0,
    "minResTime" : 1.0,
    "maxResTime" : 37.0,
    "pct1ResTime" : 3.0,
    "pct2ResTime" : 3.0,
    "pct3ResTime" : 3.0,
    "throughput" : 50.391152774766056,
    "receivedKBytesPerSec" : 9.61296126211406,
    "sentKBytesPerSec" : 8.611769273031308
  },
  "Total" : {
    "transaction" : "Total",
    "sampleCount" : 6042,
    "errorCount" : 0,
    "errorPct" : 0.0,
    "meanResTime" : 2.2068851373717324,
    "medianResTime" : 2.0,
    "minResTime" : 1.0,
    "maxResTime" : 37.0,
    "pct1ResTime" : 3.0,
    "pct2ResTime" : 3.0,
    "pct3ResTime" : 3.0,
    "throughput" : 50.391152774766056,
    "receivedKBytesPerSec" : 9.61296126211406,
    "sentKBytesPerSec" : 8.611769273031308
  }
}