{
  "Total" : {
    "transaction" : "Total",
    "sampleCount" : 6010,
    "errorCount" : 0,
    "errorPct" : 0.0,
    "meanResTime" : 359.0291181364401,
    "medianResTime" : 351.0,
    "minResTime" : 247.0,
    "maxResTime" : 620.0,
    "pct1ResTime" : 472.0,
    "pct2ResTime" : 498.0,
    "pct3ResTime" : 544.8900000000003,
    "throughput" : 20.007390417092502,
    "receivedKBytesPerSec" : 5.0018476042731255,
    "sentKBytesPerSec" : 3.39969329352939
  },
  "cpu/1/spring/mvc" : {
    "transaction" : "cpu/1/spring/mvc",
    "sampleCount" : 6010,
    "errorCount" : 0,
    "errorPct" : 0.0,
    "meanResTime" : 359.0291181364401,
    "medianResTime" : 351.0,
    "minResTime" : 247.0,
    "maxResTime" : 620.0,
    "pct1ResTime" : 472.0,
    "pct2ResTime" : 498.0,
    "pct3ResTime" : 544.8900000000003,
    "throughput" : 20.007390417092502,
    "receivedKBytesPerSec" : 5.0018476042731255,
    "sentKBytesPerSec" : 3.39969329352939
  }
}