{
  "Total" : {
    "transaction" : "Total",
    "sampleCount" : 6018,
    "errorCount" : 0,
    "errorPct" : 0.0,
    "meanResTime" : 327.85510136257886,
    "medianResTime" : 332.0,
    "minResTime" : 183.0,
    "maxResTime" : 683.0,
    "pct1ResTime" : 458.0,
    "pct2ResTime" : 489.0,
    "pct3ResTime" : 556.0,
    "throughput" : 20.043430763901842,
    "receivedKBytesPerSec" : 3.0143440797274255,
    "sentKBytesPerSec" : 3.484111988256375
  },
  "cpu/1/spring/flux" : {
    "transaction" : "cpu/1/spring/flux",
    "sampleCount" : 6018,
    "errorCount" : 0,
    "errorPct" : 0.0,
    "meanResTime" : 327.85510136257886,
    "medianResTime" : 332.0,
    "minResTime" : 183.0,
    "maxResTime" : 683.0,
    "pct1ResTime" : 458.0,
    "pct2ResTime" : 489.0,
    "pct3ResTime" : 556.0,
    "throughput" : 20.043430763901842,
    "receivedKBytesPerSec" : 3.0143440797274255,
    "sentKBytesPerSec" : 3.484111988256375
  }
}