{
  "Total" : {
    "transaction" : "Total",
    "sampleCount" : 6008,
    "errorCount" : 0,
    "errorPct" : 0.0,
    "meanResTime" : 354.4017976031957,
    "medianResTime" : 342.0,
    "minResTime" : 252.0,
    "maxResTime" : 711.0,
    "pct1ResTime" : 465.0,
    "pct2ResTime" : 501.0,
    "pct3ResTime" : 560.0,
    "throughput" : 19.9992010971599,
    "receivedKBytesPerSec" : 3.007692352502563,
    "sentKBytesPerSec" : 3.495954098038694
  },
  "cpu/1/vertx/vertx" : {
    "transaction" : "cpu/1/vertx/vertx",
    "sampleCount" : 6008,
    "errorCount" : 0,
    "errorPct" : 0.0,
    "meanResTime" : 354.4017976031957,
    "medianResTime" : 342.0,
    "minResTime" : 252.0,
    "maxResTime" : 711.0,
    "pct1ResTime" : 465.0,
    "pct2ResTime" : 501.0,
    "pct3ResTime" : 560.0,
    "throughput" : 19.9992010971599,
    "receivedKBytesPerSec" : 3.007692352502563,
    "sentKBytesPerSec" : 3.495954098038694
  }
}